ID,nome,createdAt,createdBy,modifiedAt,modifiedBy
11111111-1111-1111-1111-111111111111,Machado de Assis,2026-01-01T10:00:00Z,admin,2026-01-01T10:00:00Z,admin
22222222-2222-2222-2222-222222222222,Clarice Lispector,2026-01-01T10:00:00Z,admin,2026-01-01T10:00:00Z,admin
33333333-3333-3333-3333-333333333333,Paulo Coelho,2026-01-01T10:00:00Z,admin,2026-01-01T10:00:00Z,admin
44444444-4444-4444-4444-444444444444,Jorge Amado,2026-01-01T10:00:00Z,admin,2026-01-01T10:00:00Z,admin
55555555-5555-5555-5555-555555555555,Monteiro Lobato,2026-01-01T10:00:00Z,admin,2026-01-01T10:00:00Z,admin
66666666-6666-6666-6666-666666666666,Cora Coralina,2026-01-01T10:00:00Z,admin,2026-01-01T10:00:00Z,admin
77777777-7777-7777-7777-777777777777,Cecilia Meireles,2026-01-01T10:00:00Z,admin,2026-01-01T10:00:00Z,admin
88888888-8888-8888-8888-888888888888,Ariano Suassuna,2026-01-01T10:00:00Z,admin,2026-01-01T10:00:00Z,admin
99999999-9999-9999-9999-999999999999,Carlos Drummond de Andrade,2026-01-01T10:00:00Z,admin,2026-01-01T10:00:00Z,admin
aaaaaaaa-aaaa-aaaa-aaaa-aaaaaaaaaaaa,Rachel de Queiroz,2026-01-01T10:00:00Z,admin,2026-01-01T10:00:00Z,admin