livro_ID,ID,numero,titulo,pagina,createdAt,createdBy,modifiedAt,modifiedBy
b1111111-1111-1111-1111-111111111111,c1111111-1111-1111-1111-111111111111,1,Apresentação,12,2026-01-01T10:00:00Z,admin,2026-01-01T10:00:00Z,admin
b2222222-2222-2222-2222-222222222222,c2222222-2222-2222-2222-222222222222,1,O Início da Jornada,18,2026-01-01T10:00:00Z,admin,2026-01-01T10:00:00Z,admin
b3333333-3333-3333-3333-333333333333,c3333333-3333-3333-3333-333333333333,1,A Busca pelo Tesouro,25,2026-01-01T10:00:00Z,admin,2026-01-01T10:00:00Z,admin
b4444444-4444-4444-4444-444444444444,c4444444-4444-4444-4444-444444444444,1,Vida nas Ruas,30,2026-01-01T10:00:00Z,admin,2026-01-01T10:00:00Z,admin
b5555555-5555-5555-5555-555555555555,c5555555-5555-5555-5555-555555555555,1,O Sítio Encantado,22,2026-01-01T10:00:00Z,admin,2026-01-01T10:00:00Z,admin
b6666666-6666-6666-6666-666666666666,c6666666-6666-6666-6666-666666666666,1,Memórias da Infancia,15,2026-01-01T10:00:00Z,admin,2026-01-01T10:00:00Z,admin
b7777777-7777-7777-7777-777777777777,c7777777-7777-7777-7777-777777777777,1,A Conspiração,20,2026-01-01T10:00:00Z,admin,2026-01-01T10:00:00Z,admin
b8888888-8888-8888-8888-888888888888,c8888888-8888-8888-8888-888888888888,1,O Julgamento,28,2026-01-01T10:00:00Z,admin,2026-01-01T10:00:00Z,admin
b9999999-9999-9999-9999-999999999999,c9999999-9999-9999-9999-999999999999,1,Primeiros Versos,10,2026-01-01T10:00:00Z,admin,2026-01-01T10:00:00Z,admin
baaaaaaa-aaaa-aaaa-aaaa-aaaaaaaaaaaa,caaaaaaa-aaaa-aaaa-aaaa-aaaaaaaaaaaa,1,A Grande Seca,24,2026-01-01T10:00:00Z,admin,2026-01-01T10:00:00Z,admin