ID,titulo,autor_ID,genero,dataDePublicacao,pagina,preco,estoque,status_codigo,createdAt,createdBy,modifiedAt,modifiedBy
b1111111-1111-1111-1111-111111111111,Dom Casmurro,11111111-1111-1111-1111-111111111111,Romance,1899-01-01,256,39.90,25,D,2026-01-01T10:00:00Z,admin,2026-01-01T10:00:00Z,admin
b2222222-2222-2222-2222-222222222222,A Hora da Estrela,22222222-2222-2222-2222-222222222222,Ficcao,1977-01-01,96,29.90,8,L,2026-01-01T10:00:00Z,admin,2026-01-01T10:00:00Z,admin
b3333333-3333-3333-3333-333333333333,O Alquimista,33333333-3333-3333-3333-333333333333,Aventura,1988-01-01,208,49.90,45,D,2026-01-01T10:00:00Z,admin,2026-01-01T10:00:00Z,admin
b4444444-4444-4444-4444-444444444444,Capitães da Areia,44444444-4444-4444-4444-444444444444,Drama,1937-01-01,288,44.90,3,L,2026-01-01T10:00:00Z,admin,2026-01-01T10:00:00Z,admin
b5555555-5555-5555-5555-555555555555,Sítio do Picapau Amarelo,55555555-5555-5555-5555-555555555555,Infantil,1920-01-01,320,34.90,0,I,2026-01-01T10:00:00Z,admin,2026-01-01T10:00:00Z,admin
b6666666-6666-6666-6666-666666666666,Poemas dos Becos,66666666-6666-6666-6666-666666666666,Poesia,1965-01-01,140,24.90,12,D,2026-01-01T10:00:00Z,admin,2026-01-01T10:00:00Z,admin
b7777777-7777-7777-7777-777777777777,Romanceiro da Inconfidência,77777777-7777-7777-7777-777777777777,Poesia,1953-01-01,180,27.90,5,L,2026-01-01T10:00:00Z,admin,2026-01-01T10:00:00Z,admin
b8888888-8888-8888-8888-888888888888,O Auto da Compadecida,88888888-8888-8888-8888-888888888888,Comedia,1955-01-01,184,42.90,18,D,2026-01-01T10:00:00Z,admin,2026-01-01T10:00:00Z,admin
b9999999-9999-9999-9999-999999999999,Alguma Poesia,99999999-9999-9999-9999-999999999999,Poesia,1930-01-01,120,22.90,2,L,2026-01-01T10:00:00Z,admin,2026-01-01T10:00:00Z,admin
baaaaaaa-aaaa-aaaa-aaaa-aaaaaaaaaaaa,O Quinze,aaaaaaaa-aaaa-aaaa-aaaa-aaaaaaaaaaaa,Romance,1930-01-01,210,36.90,0,I,2026-01-01T10:00:00Z,admin,2026-01-01T10:00:00Z,admin
